{"NumModels": 1, "ModelIndexes": {"0": "TEST_MODEL_1_RANK_0"}, "ModelDescriptions": [{"Name": "TEST_MODEL_1_RANK_0", "ClassMaps": {"1": "Plugged in", "2": "Unplugged", "0": "Unknown"}, "ModelType": "Decision Tree Ensemble", "FeatureNames": ["active_power100Percentile", "active_power25Percentile"], "FeatureFunctions": ["100th Percentile", "25th Percentile"], "knowledgepack_summary": [{"name": "Windowing", "type": "segmenter", "inputs": {"delta": 5, "input_data": "temp.raw", "train_delta": 0, "window_size": 5, "group_columns": ["segment_uuid", "Label"], "return_segment_index": false}, "outputs": ["temp.Windowing0"]}, {"set": [{"family": null, "inputs": {"columns": ["active_power"]}, "outputs": [0], "function_name": "100th Percentile"}, {"family": null, "inputs": {"columns": ["active_power"]}, "outputs": [0], "function_name": "25th Percentile"}], "name": "generator_set", "type": "generatorset", "inputs": {"input_data": "temp.Windowing0", "group_columns": ["segment_uuid", "Label", "SegmentID"]}, "outputs": ["temp.generator_set0", "temp.features.generator_set0"]}, {"name": "Min Max Scale", "type": "transform", "inputs": {"pad": 0, "max_bound": 255, "min_bound": 0, "input_data": "temp.generator_set0", "passthrough_columns": ["segment_uuid", "Label", "SegmentID"], "feature_min_max_parameters": {"maximums": {"gen_0075_active_power25Percentile": 8.0, "gen_0071_active_power100Percentile": 9.0}, "minimums": {"gen_0075_active_power25Percentile": 0.0, "gen_0071_active_power100Percentile": 0.0}}}, "outputs": ["temp.Min_Max_Scale0.RCL.0", "temp.features.Min_Max_Scale0.RCL.0"], "feature_table": "temp.features.generator_set0"}], "sensors_columns": ["current", "voltage", "active_power", "apparent_power"], "uuid": "17f5d634-0330-4b11-adf6-12db098fbc8d"}]}